ID_g;ID_File;LWD63;LWD125;LWD250;LWD500;LWD1000;LWD2000;LWD4000;LWD8000;P10;P25;P50;P75;P90;Alpha;T
0;0;28,5800321;23,22039705;33,02951432;32,6073498;23,42452795;13,80562885;9,189914635;10,85698554;-90,3089987;-84,28839879;-73,4070379;-65,70002027;-62,00953174;0;1
1;0;34,35424332;35,35305491;39,28524319;39,25263748;32,42237835;22,07188221;14,68940499;13,93974783;-78,26779887;-70,3089987;-63,8646128;-59,18294868;-55,50174491;0,5;2
2;0;41,52542728;39,8914353;46,55278991;48,46888602;41,64075148;35,70065459;18,55142459;15,26823276;-71,22414851;-63,07444198;-56,15759518;-50,84644163;-47,20227795;1;3
3;0;45,43636393;44,91818262;50,81487173;50,78134338;45,09195805;39,96359775;23,62663871;18,53158473;-67,38643799;-59,18294868;-52,46710665;-47,14174886;-43,82334959;1,5;4
4;0;46,84684195;48,61257023;56,31731322;51,86752744;47,05954887;38,42505456;26,70331421;21,46986524;-64,28839879;-55,98893183;-49,17090167;-44,15907794;-40,59457017;2;5
5;0;48,12195333;52,72858513;60,55259119;57,31928522;48,95574261;42,88373457;30,75973935;29,62011514;-59,18294868;-51,03324215;-44,73392668;-39,96508074;-36,66609717;2,5;6
6;0;51,60843724;59,41244786;64,77963438;63,6167225;53,13816684;52,17404897;37,69494391;31,89010827;-55,50174491;-47,20227795;-40,23318504;-34,93623667;-31,30170161;3;7
7;0;49,74826376;56,23639445;64,68954264;69,00324705;64,50532785;60,26134132;49,18032448;43,6701882;-50,66357404;-42,52567701;-35,53338753;-30,59149155;-27,47937632;3,5;8
8;0;48,25265655;59,98150109;65,61978707;64,51372572;57,63817637;51,09536173;42,26764245;35,83703972;-53,4070379;-45,01264224;-38,5547794;-33,73580077;-30,37876526;4;9
9;0;51,65425313;61,02357484;67,69508501;66,81143952;59,57264194;58,33301823;48,94669147;37,59473834;-50,48447719;-42,66865785;-36,45206031;-31,52860317;-28,1580161;4,5;10
10;0;49,04153228;56,25824811;66,45588761;61,23852909;57,95732453;50,85837288;39,13690687;33,3416064;-54,46116491;-46,22659905;-39,70500474;-34,9956276;-31,06161199;5;11
11;0;50,7335993;56,22943899;68,27426328;68,92848391;60,42752562;51,3651625;41,98752119;32,27752189;-53,67168867;-45,34953337;-38,13847803;-32,18229786;-27,43621399;5,5;12
12;0;51,17544988;56,53023166;72,61918454;65,28749552;60,87690937;52,98911521;44,79948801;38,08434318;-50,22257122;-42,21232437;-35,17627653;-30,0606912;-25,78680044;6;13
13;0;52,071657;60,11198185;66,81188251;66,91431202;60,95636901;54,04837244;47,3104794;37,5314452;-50,84644163;-42,81403178;-36,39936517;-31,63925294;-28,27405722;6,5;14
14;0;51,07134803;55,10740685;61,26604461;62,24162772;59,26437829;48,0160612;40,03773083;39,81874918;-56,15759518;-48,03013165;-41,42810278;-36,61209147;-33,02946375;7;15
15;0;52,09205372;53,91396175;63,09756478;62,4262505;56,04886499;45,01236966;36,21916769;39,02720554;-56,15759518;-48,03013165;-41,30401653;-36,52282152;-32,94787146;7,5;16
16;0;52,83595376;59,90985705;69,41813576;66,03720918;59,39316907;52,77110001;44,45852449;35,31610418;-50,58256502;-42,49029656;-35,90581263;-31,06161199;-27,87780182;8;17
17;0;51,4554166;61,57772067;67,84116604;71,74155844;58,27512489;53,89604743;47,01200201;39,55192282;-48,65329129;-40,31525705;-33,73580077;-28,91563676;-25,78215696;8,5;18
18;0;52,46358225;55,74668319;66,15765826;65,05010802;59,04773138;50,58297141;42,27320037;38,42302699;-53,78750265;-45,44823773;-38,64502322;-33,41945518;-30,12848386;9;19
19;0;51,90883292;57,11719075;67,24716546;68,10132933;64,60386124;51,53185627;43,58871783;38,79091302;-51,51861365;-43,78228148;-37,42022691;-32,36745864;-28,50383764;9,5;20
20;1;40,92625229;45,34331258;41,04977674;35,3345088;30,75212395;21,74364676;14,65275385;13,68973399;-90,3089987;-80,7665736;-73,4070379;-67,38643799;-60,20599913;0;1
21;1;44,56799899;49,76990017;46,87700165;43,01712626;40,0909368;33,23980278;19,49856692;17,85404802;-84,28839879;-76,32959861;-68,72537378;-62,35019853;-55,19150159;0,5;2
22;1;46,74612753;64,01451796;61,70929962;66,56679565;61,22905324;57,94034992;51,78854815;32,8109372;-59,42763781;-51,51861365;-45,25193808;-40,48176482;-36,92266109;1;3
23;1;43,48107985;56,76407984;49,0879455;49,1562472;48,9639333;45,74490841;35,20162547;36,70689573;-78,26779887;-70,3089987;-63,07444198;-57,24474842;-50,93933973;1,5;4
24;1;40,745378;45,78356622;57,54238718;64,49925508;62,1960398;57,42514248;56,16488352;43,09881976;-66,22659905;-57,63962959;-50,39629481;-44,28839879;-39,70500474;2;5
25;1;50,86215574;68,91226253;64,50250082;67,27297545;57,56493148;53,80500855;46,13433234;40,41538348;-73,4070379;-64,73392668;-57,05384207;-43,46054508;-35,36076254;2,5;6
26;1;52,27122886;72,75524035;66,21669331;73,48849739;69,03646807;64,09664782;55,06385562;53,48320604;-53,4070379;-45,49801373;-38,62237421;-33,59518727;-30,02699227;3;7
27;1;54,35423662;69,38426718;70,74977873;74,30978272;64,04016835;58,46190138;52,785335;39,05379705;-63,07444198;-54,89195847;-46,44650673;-36,94128037;-30,61845243;3,5;8
28;1;48,86396824;53,74582164;52,94802336;52,24263249;55,03715343;43,72595893;35,19311902;35,93571067;-70,3089987;-62,00953174;-55,04043883;-50,22257122;-47,02194158;4;9
29;1;45,92600173;53,55006882;62,77806107;69,4219841;59,84711457;53,88674968;54,47337645;46,70256642;-61,06103874;-53,0425415;-46,22659905;-40,42590682;-36,00565154;4,5;10
30;1;55,00779871;58,8153;65,57470441;67,70619766;58,78551236;53,10403535;48,31732983;43,57051081;-59,42763781;-51,32119857;-44,73392668;-40,01804365;-36,92266109;5;11
31;1;46,08443726;51,71152985;55,592421;50,11291835;49,87245004;43,79113312;37,05621565;37,29087256;-71,22414851;-63,46054508;-57,24474842;-52,24719896;-48,51089647;5,5;12
32;1;51,60903848;56,24040866;54,55917777;51,78834216;46,40530005;43,426749;38,03909869;39,09567312;-72,24719896;-64,28839879;-57,43994517;-52,5791842;-48,3015878;6;13
33;1;56,85339755;75,92984625;73,24409562;74,47275621;71,62717054;63,24646347;54,58160039;48,46940169;-49,80288139;-41,58574576;-35,31427239;-30,62745802;-27,29325628;6,5;14
34;1;51,70121905;71,31236317;64,9377966;72,33622676;67,98591485;54,68696205;45,90271896;48,99365103;-56,32959861;-48,16479931;-41,39691463;-35,95558864;-32,23634838;7;15
35;1;53,35549601;72,72897796;71,84738841;71,12876902;65,43789486;56,8357187;51,98555934;42,49071199;-53,53201688;-45,59842976;-39,25563438;-34,59173137;-30,79025829;7,5;16
36;1;52,00096753;69,18097771;68,86589126;74,07988691;65,04005884;47,78752068;41,36075773;34,27423795;-60,7665736;-52,24719896;-43,6602295;-35,23733752;-30,53781956;8;17
37;1;54,45839687;72,01734572;67,26951961;71,38006855;64,55391769;50,68605202;43,20253599;36,82152423;-56,32959861;-47,83196588;-40,56623119;-35,10054903;-31,498669;8,5;18
38;1;55,47639423;72,11490143;66,81400675;71,56162204;74,40795349;64,08273061;56,4946285;52,25034214;-54,32218771;-46,05196539;-38,31133726;-32,69272685;-28,95270848;9;19
39;1;44,94560518;60,28617958;55,72862075;61,76902362;62,84779593;49,90543962;42,69318364;35,72627474;-66,78717352;-58,94496422;-52,35645687;-46,22659905;-40,97164629;9,5;20
40;2;41,6551895;44,89768852;61,5741173;61,86553465;57,66946804;57,86715351;47,12427347;37,33072638;-70,3089987;-48,51089647;-35,3918948;-25,32992639;-21,34105663;0;1
41;2;33,71148936;42,69708702;59,17901978;60,42472112;64,50652658;60,57709256;53,7360279;45,3504405;-46,44650673;-38,1813714;-29,88521272;-23,60786831;-19,5423006;0,5;2
42;2;38,19972301;49,73990299;60,97661602;67,72551624;55,82685755;55,85164516;42,42943235;35,5952854;-57,84401289;-48,16479931;-32,87753999;-22,98894948;-17,82542018;1;3
43;2;35,82744337;53,09519029;61,45033352;64,24152413;51,89180731;50,72282335;49,66354976;42,63664995;-45,59842976;-37,26407188;-30,23978806;-24,3101407;-20,16781104;1,5;4
44;2;30,41168337;41,59628146;50,75991933;56,62799579;42,3827219;50,98720011;37,16964627;32,36828308;-60,20599913;-51,92743685;-43,98959179;-35,92652095;-29,36350135;2;5
45;2;28,46865831;46,13509263;60,06555039;64,67488991;59,25497044;52,53291607;48,01027693;50,43571689;-48,58180209;-40,0446467;-31,89609867;-24,75223204;-19,87813053;2,5;6
46;2;29,31658717;30,53963696;39,76779262;46,952822;59,09581397;52,49916955;35,61028998;36,95624625;-61,06103874;-51,92743685;-41,77877347;-32,77309918;-26,68356327;3;7
47;2;31,42274521;48,65324073;50,77099079;61,66761989;52,6174557;45,19286651;39,50995607;44,33243253;-59,67942036;-48,37079844;-39,07505622;-30,29164427;-24,17192373;3,5;8
48;2;33,46683417;49,17249564;57,44618753;62,43596507;50,8802898;45,55161623;42,74538137;36,25310242;-48,94528146;-40,88316448;-33,75515533;-27,58092974;-23,61188491;4;9
49;2;29,34027694;37,24707179;47,87895665;52,43619654;54,48946344;50,29154914;40,17508262;34,30298628;-53,16234877;-44,91873981;-37,80274968;-32,69272685;-29,02732998;4,5;10
50;2;29,33439367;34,48158997;48,68580642;54,5740967;48,23380178;39,81528092;44,245808;48,60509784;-53,28383172;-45,39874534;-38,92152051;-33,89183891;-30,20538845;5;11
51;2;27,77695236;54,25650544;60,0421829;63,57654466;52,43623567;54,29104612;41,25727444;41,67508795;-53,28383172;-43,06502126;-31,34073938;-24,78435954;-20,84480841;5,5;12
52;2;38,2455563;57,41583659;63,8104558;63,3569591;52,87446826;58,06145224;44,73205161;44,09460461;-45,39874534;-36,86704154;-29,82749895;-23,74752633;-19,87551713;6;13
53;2;37,77811157;42,58054468;57,41893994;56,27205103;45,20070117;50,00686485;41,24692823;37,98170498;-59,42763781;-51,72062018;-43,07444198;-34,4471667;-27,52968934;6,5;14
54;2;43,23887183;32,60877044;57,58762044;54,30779043;48,58663722;46,03807312;44,52638041;46,92268587;-51,32119857;-42,70477386;-35,65308845;-30,71803121;-27,61271129;7;15
55;2;30,14716798;45,70244256;63,07837368;60,73196087;47,01694011;51,84331764;44,51320464;55,0817526;-48,72537378;-40,23318504;-32,9950775;-26,29198874;-21,48735603;7,5;16
56;2;23,14116951;31,05835417;44,08162864;46,68034913;41,73301467;36,69262347;32,22997427;26,68613132;-65,2035486;-56,86704154;-49,72132315;-42,49029656;-37,05384207;8;17
57;2;17,41361316;21,47843301;41,96727561;39,69747989;37,72402823;37,93187553;32,08790935;22,85980867;-78,26779887;-68,72537378;-57,63962959;-46,39100565;-41,18167804;8,5;18
58;2;20,0255059;29,78342364;50,89154645;48,0046098;37,13459364;37,41110842;32,4173763;29,63589668;-73,4070379;-64,28839879;-51,92743685;-40,68014613;-34,01073507;9;19
59;2;21,51209308;31,22749779;48,8056598;46,92434451;46,90096082;46,35489579;38,8613812;43,51137967;-58,05332156;-49,96833191;-42,999239;-37,07274499;-32,98325192;9,5;20
60;3;6,879083029;0,083390745;7,43088695;-1,555508412;-10,16617085;-11,23697708;-9,562688419;-2,627292332;#NAME?;-90,3089987;-78,26779887;-70,3089987;-65,2035486;0;1
61;3;13,39356246;18,48323055;22,27727833;16,20522922;12,4129952;13,30007757;7,570095829;1,500768485;-78,26779887;-68,72537378;-62,00953174;-56,5050771;-52,03272165;0,5;2
62;3;20,61013227;26,38706218;35,26600564;48,49596797;33,44618785;33,16594458;29,46849923;8,247624387;-61,06103874;-53,0425415;-46,11869841;-39,73066469;-30,95803917;1;3
63;3;29,29760814;33,38507522;46,33172577;43,38087301;30,74159142;35,23926205;30,28539476;8,166160731;-54,32218771;-46,44650673;-39,78221315;-34,87724908;-30,74538836;1,5;4
64;3;35,54909896;38,60778306;48,40701624;44,39616237;36,75747191;35,40321158;31,75708276;9,286201753;-51,61902967;-43,11228905;-36,15759518;-30,82798064;-26,87446963;2;5
65;3;41,68258301;41,70567534;50,16720732;51,10910764;53,48926825;43,49953613;33,96313618;17,66417257;-45,80281306;-37,82335678;-31,09007478;-25,43459945;-20,6312646;2,5;6
66;3;45,69927079;48,20635335;54,25762995;52,20125572;54,95563086;45,86395628;33,47397212;16,57184618;-43,57980402;-35,25267008;-28,14446557;-22,37455313;-17,71836042;3;7
67;3;46,26210959;53,86656738;57,18597704;55,78850783;42,55276912;47,4055081;39,42699527;20,73427745;-39,67942036;-31,86487315;-25,09326533;-20,10614471;-16,78226103;3,5;8
68;3;44,66310328;52,61976775;55,69753506;44,81121569;31,47757862;36,2651833;37,62790275;19,4349713;-46,962652;-38,69049919;-31,27253799;-24,08239965;-18,69962302;4;9
69;3;42,64227193;48,58682716;46,37307987;39,74712074;30,55235566;40,97378599;38,8940665;20,55905941;-49,40253912;-41,03113892;-34,37751203;-29,09504189;-25,13146611;4,5;10
70;3;47,35834369;52,19015065;51,80095647;38,88651987;36,89582038;52,58648586;44,32256355;20,55996703;-43,53986883;-35,85632025;-28,95270848;-23,54784119;-19,89932804;5;11
71;3;46,75225996;55,72937989;61,50837379;50,23972905;49,53357014;58,26619453;47,66163627;28,32072034;-36,75685964;-28,440565;-21,66565331;-16,47720298;-13,18288137;5,5;12
72;3;45,22481732;51,23157367;59,5185193;56,29889488;49,11669478;54,04625559;43,86792064;27,78673322;-39,70500474;-31,32852225;-24,13771043;-18,88472456;-14,96127983;6;13
73;3;45,59085762;52,6446192;54,16913484;63,18556496;52,29184603;50,36902014;37,8941237;19,5049001;-37,16788164;-28,98993909;-21,95292425;-16,64310374;-12,58561645;6,5;14
74;3;46,19872004;54,05709259;55,89177092;54,54849346;44,77089474;46,40155673;37,17900166;15,95044276;-40,07400818;-31,84411833;-25,53804095;-20,81884592;-17,36505705;7;15
75;3;42,499572;50,71662874;57,54846247;47,16865489;44,6918256;40,84951883;32,47307703;13,15534567;-42,999239;-34,93623667;-28,39166963;-22,73377519;-18,34632578;7,5;16
76;3;43,83893651;51,43321173;57,07816647;53,17449396;40,10941658;48,25349513;37,5039263;16,84904549;-41,2121015;-32,91263454;-25,79764443;-20,78686436;-17,7228459;8;17
77;3;44,29980154;54,85213462;59,72024712;53,05039205;40,1549309;49,96747227;43,0848233;22,97667978;-41,15136076;-32,66989927;-25,56566741;-19,99417037;-15,92237296;8,5;18
78;3;42,24310008;45,11240656;52,4964935;49,3744048;49,03373427;46,04937989;38,77930689;17,39351097;-44,41967418;-36,34698779;-29,22056905;-23,91542904;-20,42590682;9;19
79;3;43,7882723;48,19150198;55,41470628;52,76741472;45,80626059;46,59313542;40,33340802;19,64687127;-41,64961288;-33,56986396;-26,96856278;-22,18927253;-18,88880525;9,5;20
80;4;31,29960825;33,64778039;34,47486462;30,11166125;27,22557136;26,77190724;22,6103484;15,76305121;#NAME?;-64,73392668;-54,18539922;-48,3015878;-44,59785252;0;1
81;4;31,47720706;52,76048278;55,96795468;59,27026332;57,13762753;50,47123262;41,1472919;30,78233378;-58,26779887;-49,01983891;-34,84058732;-26,79296604;-21,08503293;0,5;2
82;4;27,20371621;30,06814896;49,19739937;46,90253159;32,3886076;34,08416195;34,41253523;35,17756488;-68,03013165;-59,67942036;-52,24719896;-41,81136597;-31,75133049;1;3
83;4;50,65903913;52,09437885;47,58542191;45,76842183;42,73278664;39,01136739;33,9625482;29,58454688;-59,67942036;-50,39629481;-39,80810256;-32,42267745;-27,64460956;1,5;4
84;4;35,59318585;49,81031011;42,16943439;39,35597036;46,86767114;43,45776753;34,44970874;28,70070204;-59,67942036;-51,51861365;-43,46054508;-35,31427239;-30,09452139;2;5
85;4;39,35560289;39,39537991;44,24742371;49,9575128;41,62348926;42,16586109;46,46661758;42,48740498;-58,48770656;-50,22257122;-43,18848156;-37,14877077;-29,89348894;2,5;6
86;4;43,30871052;53,65292522;57,78766681;57,13498167;49,12427693;45,60352393;48,54963542;42,07371385;-46,78717352;-38,42114769;-30,76367445;-25,63892349;-22,26377105;3;7
87;4;49,89885794;60,09320634;63,41142032;57,17222769;63,74040347;59,59361766;53,76458773;35,35863817;-39,78221315;-31,80275687;-24,19767243;-17,87924141;-14,33709062;3,5;8
88;4;33,60761837;48,94452384;53,17539629;61,97684018;63,206164;56,56991312;55,06392411;37,51488866;-45,54807664;-36,72044077;-27,79612146;-20,47336319;-15,82823528;4;9
89;4;28,71156026;48,53408857;56,53874492;57,12530966;57,82182717;53,54102119;51,15851588;31,73546002;-43,86875882;-35,82348131;-28,96014184;-23,64106109;-19,93345732;4,5;10
90;4;29,15358971;40,48905256;55,57077055;51,28815355;64,57727142;55,33460493;46,28150041;37,45729547;-47,83196588;-39,57782985;-31,29196952;-23,21242959;-16,86131446;5;11
91;4;45,62624776;48,08603342;50,01808889;53,42344467;55,2422918;47,69195158;44,39768298;36,06670768;-51,61902967;-43,37217977;-35,85632025;-29,04420914;-24,25372453;5,5;12
92;4;32,39709778;44,53061878;47,67132745;53,07499458;57,51905729;52,77865909;47,67111258;34,80673933;-50,66357404;-42,56120217;-35,61300211;-29,30914156;-23,47239756;6;13
93;4;29,55954626;37,84927076;50,1584021;53,13167493;41,10017754;46,52235133;47,96171206;36,76090443;-57,24474842;-48,79805947;-39,99152182;-31,96939775;-27,14778282;6,5;14
94;4;27,27520448;45,44428898;50,87895262;50,50690616;42,78883738;42,6408967;36,4459163;26,9411167;-57,24474842;-48,94528146;-40,97164629;-33,33290468;-28,73986234;7;15
95;4;28,05877343;39,84882526;50,9698617;59,4386694;47,77932827;52,9808033;46,75558168;32,82597407;-56,68417395;-48,09720449;-37,88547306;-29,03482751;-24,0692621;7,5;16
96;4;32,86608657;48,17342166;55,10149552;57,67934576;50,85586478;58,56108143;49,99387885;42,1078024;-60,7665736;-51,03324215;-39,06314141;-28,43356307;-21,18745035;8;17
97;5;43,78502878;54,41546204;51,40180472;52,93003733;51,27439992;43,95904554;40,79355772;38,30732013;-62,70477386;-54,46116491;-46,962652;-37,47951649;-30,40419506;0;1
98;5;45,3399419;58,87485121;57,8736458;61,6724125;55,57278567;46,71933586;36,34840573;29,23089689;-53,0425415;-44,07392148;-34,74597369;-28,44757257;-24,12875182;0,5;2
99;5;46,95325815;50,7845065;46,40256344;45,89583087;50,36029835;38,69826311;29,19568093;25,70654265;-63,07444198;-54,602402;-46,962652;-38,7821717;-33,34521636;1;3
100;5;38,069828;53,32344044;53,58806488;54,55836409;50,98692049;48,47508839;46,50404412;46,39304628;-60,7665736;-51,92743685;-43,07444198;-34,34980582;-29,21673761;1,5;4
101;5;42,21089534;53,18468218;53,30611202;55,81177288;59,48190519;54,01007831;42,59630125;29,88822922;-60,20599913;-51,72062018;-43,11228905;-34,29465713;-28,23976626;2;5
102;5;46,25179798;52,53005996;57,41980093;59,6441778;53,28810759;50,46272912;43,6450316;34,38373761;-56,15759518;-47,70232333;-39,88623703;-33,03065116;-26,46880685;2,5;6
103;5;47,49351262;57,07906182;65,28146412;64,25268504;56,1308208;49,43853913;43,66484233;33,62548481;-45,90683694;-37,78219135;-30,38752561;-24,98907129;-21,08203003;3;7
104;5;47,983625;50,00954702;55,16575669;56,00681675;54,82713793;54,1850305;43,42731478;35,96472581;-53,78750265;-45,75126461;-38,31133726;-32,171528;-27,70875971;3,5;8
105;5;42,07081785;42,82457254;49,52107269;52,06373398;46,50922768;44,21954754;41,76607711;35,03012457;-59,18294868;-50,73178845;-44,03165429;-38,31133726;-33,51818166;4;9
106;5;39,20302899;39,80576234;60,74739507;58,22248371;63,15064502;60,93032825;43,39266601;34,08046886;-52,35645687;-43,90607298;-35,13076085;-28,28265167;-22,16628295;4,5;10
107;5;37,94750816;38,59368743;60,04206765;54,19799381;60,27007791;54,8874694;42,57971457;32,20177819;-55,6611235;-46,55858428;-37,09168914;-29,77016614;-24,59785252;5;11
108;5;40,18745887;38,22337359;62,71624167;57,51862251;64,90789205;55,91262102;40,44566417;33,22664075;-47,20227795;-38,48770656;-31,32119857;-25,45320251;-22,04971326;5,5;12
109;5;39,2046939;41,34635902;67,52787602;59,89722927;50,08445401;47,24975795;46,12634473;32,77715648;-57,43994517;-49,01983891;-40,20599913;-26,03864356;-20,56877796;6;13
110;5;41,16353741;43,47662347;62,10477241;57,55928294;62,68495435;59,86058437;44,44005148;36,14249861;-52,24719896;-43,46054508;-34,06410476;-26,95674524;-22,21916634;6,5;14
111;5;39,25809006;43,20929472;59,82340976;50,70491903;46,12183474;41,22853853;43,0476048;30,47806374;-63,07444198;-54,18539922;-46,28105621;-34,87724908;-27,48564953;7;15
112;5;41,1359302;44,2419254;60,71116365;51,7841915;56,62244937;50,23620868;41,82237255;45,33008688;-57,63962959;-48,79805947;-39,78221315;-32,35645687;-26,79296604;7,5;16
113;6;29,11755127;33,35814313;52,71272113;57,42509279;59,30491452;54,46316935;48,73856844;46,04069123;-50,3089987;-38,99204233;-29,38690295;-22,13402658;-16,64625607;0;1
114;6;28,00007041;35,39744268;54,22557858;51,77243768;48,39035031;44,78520985;41,78163598;40,11463257;-55,6611235;-47,14174886;-37,86471824;-29,27052038;-22,92839426;0,5;2
115;6;26,82638866;34,42215405;57,83720606;52,25419225;43,47567684;41,88580282;41,92851495;39,75290229;-52,03272165;-44,03165429;-34,4892292;-24,3735026;-19,71987841;1;3
116;6;25,20564888;34,89264091;52,04837372;53,9609946;54,88846331;54,41508849;41,21955448;35,15976618;-62,00953174;-53,91811999;-46,78717352;-33,06637111;-22,33978171;1,5;4
117;6;27,51603366;34,50195111;50,89358969;51,83356819;55,40595371;50,6353157;36,17696688;38,37335113;-52,03272165;-43,78228148;-35,70951299;-28,37079844;-21,20509509;2;5
118;6;29,45835808;39,52262956;51,06924771;51,51708519;42,48049424;41,48446715;38,91033481;26,19744399;-47,89752008;-39,62847658;-33,07831048;-27,47530138;-23,86874993;2,5;6
119;6;34,74703824;50,62668433;52,82259105;56,45559481;42,64794223;43,02328678;45,17975099;42,66700349;-55,04043883;-46,44650673;-38,39907426;-28,48269551;-19,6028631;3;7
120;6;46,31290925;54,78660882;58,44703072;60,85173129;56,28528334;48,87238899;38,95477363;36,18472027;-42,00953174;-33,73580077;-26,64360183;-19,5879356;-14,76336287;3,5;8
121;6;45,63458557;47,23312997;44,97781842;48,50616359;39,75025271;35,00771559;25,84331325;26,56140732;-58,71332677;-50,13699526;-41,49081706;-32,71848122;-26,26959201;4;9
122;6;48,23128859;47,72440906;47,01637198;51,92181629;46,97720213;41,84797688;36,65114288;37,11444147;-52,03272165;-43,5001164;-36,05600467;-29,15567662;-23,89735;4,5;10
123;6;45,28785619;49,35084033;51,70239153;51,32252952;37,32916483;36,51315374;46,52817597;45,06186124;-50,84644163;-42,56120217;-35,25267008;-28,46862928;-23,28815466;5;11
124;6;48,13642818;49,33410466;49,17461508;51,96547768;40,53937727;37,64313745;44,07740396;42,01568507;-50,13699526;-41,77877347;-33,65882045;-27,50512513;-23,60786831;5,5;12
125;6;47,87598799;44,69159736;44,74540311;50,01601932;48,32004787;38,8010666;33,95913015;31,92281474;-50,84644163;-42,66865785;-36,07285412;-30,34381193;-24,6746993;6;13
126;6;30,40273647;33,35405426;30,68083061;23,75416255;21,57519829;19,91307555;19,46742144;15,30602377;-65,2035486;-57,43994517;-50,84644163;-46,33585696;-43,18848156;6,5;14
127;6;45,90388188;53,30342756;58,38523384;59,54306405;56,15089351;55,12188217;46,02570336;36,44037263;-55,34523816;-45,39874534;-30,0480398;-21,3356452;-15,46785749;7;15
128;6;37,22963287;46,26590165;51,5035342;54,06639034;45,50739709;45,04426483;35,52649986;35,30300028;-51,32119857;-42,88764145;-35,92237296;-30,0606912;-24,24939996;7,5;16
129;6;41,58961715;53,22697657;54,84829834;50,47411995;47,6974799;45,54308594;34,41581492;29,43826363;-58,94496422;-49,72132315;-37,03498019;-27,83849908;-21,13624172;8;17
130;7;55,64781646;67,46815985;72,29411885;74,95803112;73,83483878;64,1189596;52,671685;37,04590335;-74,74597369;-66,78717352;-53,91811999;-45,70002027;-41,61762062;0;1
131;7;55,84548267;70,1038765;76,18566621;78,55965547;74,40050512;65,18589878;55,34673626;42,07804899;-61,68172342;-53,53201688;-47,20227795;-42,59687323;-39,52747672;0,5;2
132;7;56,05237057;69,50490244;74,93622326;78,1485815;73,56806326;65,72281964;55,6577336;40,27773164;-62,70477386;-54,89195847;-48,23292428;-43,34290144;-40,01804365;1;3
133;7;57,07644748;70,16086431;75,0265038;79,07015113;73,28726911;65,64146279;55,21287431;41,17508964;-63,07444198;-54,74597369;-47,96357279;-43,18848156;-39,86011403;1,5;4
134;7;54,68707665;70,19563352;75,08057727;77,14247208;71,2717873;65,17343561;57,04154369;39,61666818;-63,46054508;-55,50174491;-49,01983891;-44,33193717;-41,03113892;2;5
135;7;56,43135382;72,12288781;75,45226375;78,0258328;74,6659171;66,03913321;56,20376927;38,93740098;-62,70477386;-54,46116491;-47,83196588;-43,0367591;-39,75640068;2,5;6
136;7;55,83927028;69,77326757;76,84656522;77,35598989;70,94242601;65,21022262;54,55031832;38,23542456;-63,07444198;-55,04043883;-48,37079844;-43,78228148;-40,37040574;3;7
137;7;56,54143921;68,12706025;74,72441739;77,68801162;74,46361953;66,08365803;57,14020394;40,83360127;-63,07444198;-54,74597369;-48,16479931;-43,42115323;-40,17889805;3,5;8
138;7;55,98247275;68,52689161;75,0177391;76,93722887;76,06595571;69,5542239;55,88631238;39,33055151;-62,70477386;-54,46116491;-47,96357279;-43,15030176;-39,83406936;4;9
139;7;56,62216653;69,03810259;75,75941071;79,29875945;75,20722532;67,72631287;57,27164332;41,02444181;-60,7665736;-52,9243643;-46,50236474;-42,17819509;-39,01567741;4,5;10
140;7;57,7684736;69,701012;75,05450053;75,79572649;75,53944254;70,13481229;57,93309748;41,25843282;-62,70477386;-54,74597369;-48,37079844;-43,46054508;-40,04198639;5;11
141;7;57,56703139;69,28446642;74,77703807;75,24952491;70,31490555;65,85009369;55,7959827;42,33095994;-64,28839879;-56,15759518;-49,88521272;-45,19151825;-42,11033623;5,5;12
142;7;57,93723843;69,11263292;74,37413399;75,70124136;71,50185221;65,36124281;53,81710832;37,9101527;-64,28839879;-55,82348131;-49,64052359;-45,10757094;-41,84408122;6;13
143;7;59,32911676;71,25978353;75,77730851;79,09511585;72,3150199;64,68092141;55,31055852;40,84519474;-61,68172342;-53,53201688;-47,08163865;-42,59687323;-39,5526168;6,5;14
144;7;59,97042337;69,47352465;74,7721586;76,6112909;70,60667063;64,94770228;53,98574044;38,64551178;-64,28839879;-56,32959861;-49,64052359;-44,64297413;-41,45940332;7;15
145;7;58,64308771;67,49438756;72,72682304;75,79362262;70,62123872;62,93647111;52,29276065;37,67746872;-64,73392668;-56,68417395;-50,3089987;-45,75126461;-42,45505963;7,5;16
146;7;58,96775881;69,55580642;74,78998016;75,11376742;70,67604242;61,606188;52,15347122;38,63640337;-64,28839879;-56,32959861;-49,72132315;-45,1554272;-42,07660458;8;17
147;7;58,65732618;69,06927316;74,52112218;77,73633141;71,3033773;63,0429387;52,25926684;37,31883494;-62,70477386;-54,602402;-48,23292428;-43,82334959;-40,62300191;8,5;18
148;7;58,15320634;66,66715432;73,8506769;78,52418332;72,59536514;67,84370128;57,47902913;42,01327513;-62,35019853;-54,32218771;-47,96357279;-43,34290144;-40,37040574;9;19
149;7;58,16343485;65,85595709;73,82125967;76,65840261;72,94285456;65,93925382;57,34025113;41,84430402;-63,8646128;-55,6611235;-49,24742983;-44,41967418;-41,2121015;9,5;20
150;8;36,38258913;56,70576649;48,35419699;54,26609313;52,36728149;41,58177045;37,03505271;25,84484166;-55,6611235;-46,21306958;-34,4892292;-25,66432828;-20,86264777;0;1
151;8;38,72785542;54,06955212;47,84816563;56,60494548;45,05509457;41,87444467;41,07871858;38,10156512;-55,98893183;-47,83196588;-39,18294868;-29,44961723;-22,47971046;0,5;2
152;8;35,84348821;43,31979873;38,55946237;41,37651859;38,73587383;34,07924376;39,78004217;34,02340741;-60,7665736;-53,28383172;-45,70002027;-38,94496422;-32,68130556;1;3
153;8;27,00878267;30,28817329;54,01442223;56,36008142;59,9975842;54,65986841;44,84960501;37,63324597;-55,04043883;-41,45940332;-29,36350135;-22,68308624;-18,52788808;1,5;4
154;8;32,91226278;38,13121797;54,84653242;50,18454651;58,23298563;50,82224272;43,64019871;35,17934993;-53,16234877;-44,50830647;-35,10054903;-26,71222014;-20,40088744;2;5
155;8;27,02588205;35,1418985;43,25136721;56,82257699;46,7534648;48,69931481;46,05883986;38,63573172;-58,05332156;-49,88521272;-41,55398744;-31,84671113;-24,37920545;2,5;6
156;8;29,82927286;36,80022732;46,89109283;55,93755343;54,29899173;53,43750681;43,31904451;44,2109966;-50,57356401;-41,36583807;-32,49499254;-25,64907649;-21,47478191;3;7
157;8;30,76290077;42,63749748;50,47733486;56,35228476;48,7352996;49,50858248;44,97449031;47,87869068;-44,33193717;-36,15759518;-29,5684411;-24,98907129;-22,40946431;3,5;8
158;8;28,70531097;40,4648673;47,23708337;46,6930751;48,43477367;43,26767198;38,4341424;41,9222481;-56,32959861;-48,09720449;-40,68014613;-34,17183811;-28,81998432;4;9
159;8;29,54221337;33,32310864;49,98013421;52,44062411;58,48415033;47,30386946;36,70259074;43,53872397;-50,22257122;-40,70885984;-31,58878278;-24,65655644;-20,4147782;4,5;10
160;8;28,71372126;38,19234973;46,7264768;54,41044692;60,68119719;56,31013693;46,87739217;29,85068148;-51,61902967;-41,74630282;-31,55864086;-23,63602357;-18,28692898;5;11
161;8;29,45217345;36,64835091;38,22850434;48,6851121;56,28942486;46,64110396;43,5060375;33,7021483;-64,28839879;-55,6611235;-47,89752008;-37,65985286;-24,24896772;5,5;12
162;8;25,89852372;31,01047731;57,77332339;55,55833915;56,7301456;47,18983257;43,94684132;34,64941759;-57,84401289;-48,72537378;-32,63577;-23,57180228;-19,2873214;6;13
163;8;28,7091556;30,63770387;49,38805457;59,78457288;59,50797537;56,54135914;47,26872275;43,05297724;-43,38193921;-34,81501291;-27,30923011;-21,31634569;-17,19470771;6,5;14
164;8;25,77766039;28,42255044;47,46080459;55,00648819;56,50206871;50,4878883;42,13298598;29,37179989;-51,51861365;-42,00953174;-31,97991973;-24,62151235;-20,27686025;7;15
165;8;25,58131266;26,44472936;48,31353034;57,01435085;51,5772555;39,20401949;36,64396746;21,89709565;-55,50174491;-44,49719917;-32,86587324;-26,81036683;-21,92608172;7,5;16
166;9;21,58001133;19,57297126;25,75139757;27,61685697;28,15176681;21,62112597;10,94156029;5,198714429;-90,3089987;-84,28839879;-72,24719896;-63,8646128;-56,32959861;0;1
167;9;34,48691706;43,00524508;53,63733727;53,26791841;53,02918313;44,8524143;34,50786872;19,73725831;-57,84401289;-49,64052359;-42,14419939;-35,69335319;-30,58162724;0,5;2
168;9;43,06476053;47,79423195;59,0506692;60,09507133;58,6637051;52,97609311;47,1176319;36,24005877;-47,20227795;-38,99204233;-32,50057832;-27,92388091;-24,9234109;1;3
169;9;44,39763194;49,79797477;56,10626285;57,40522626;60,96043966;56,15150677;51,49715747;39,97073466;-47,02194158;-38,96847138;-32,37847435;-27,79286954;-24,88564723;1,5;4
170;9;40,99875957;50,02190494;58,09423043;59,35083763;60,04293099;53,85657853;46,54638519;34,85982683;-47,14174886;-38,99204233;-32,32353495;-27,80588211;-24,60640771;2;5
171;9;40,45813859;50,62553909;57,5596317;58,40525723;58,50967979;51,09560829;40,85134637;27,77213109;-48,440565;-40,48176482;-34,01073507;-29,08937964;-25,8494697;2,5;6
172;9;43,70321572;48,73628317;55,15514244;57,65582702;56,2740436;48,85449207;40,99392799;30,763291;-50,13699526;-41,94297287;-35,22203198;-30,54897477;-27,54231326;3;7
173;9;47,53064938;62,70206192;61,6418016;62,75512897;57,48885509;53,18113068;50,47490431;38,12198179;-45,80281306;-37,43994517;-30,52000235;-25,42345628;-21,37825536;3,5;8
174;9;46,59713359;55,84207506;59,2652032;63,99104384;61,3941587;54,52109579;43,71482443;31,71708008;-44,41967418;-36,20883951;-29,80288139;-25,16503018;-22,05642829;4;9
175;9;44,52395316;53,7425003;59,39272597;60,85341547;57,96134744;50,85059624;43,46162702;32,02471831;-47,57458736;-39,01567741;-32,36745864;-27,51141697;-24,31449562;4,5;10
176;9;43,36105957;48,59727593;54,18636059;57,74711031;55,36974419;49,98370009;43,36755639;34,72229023;-49,80288139;-41,7139531;-35,23733752;-30,90206117;-27,84438339;5;11
177;9;42,76877601;54,14708566;57,36999406;62,78923336;58,54709881;50,97952254;44,88067336;34,90555868;-46,72945975;-38,42114769;-31,90653217;-27,12367208;-23,71697373;5,5;12
178;9;44,35757793;50,6713528;54,07698596;60,7434017;57,463136;52,10725883;43,23563347;32,75326268;-48,79805947;-40,50982911;-34,05073157;-29,34793524;-26,02219064;6;13
179;9;43,99500684;48,67049271;57,36941566;60,0258395;60,31050401;53,79232583;46,45858088;34,21658952;-47,14174886;-39,18294868;-32,71561459;-27,80751051;-24,65655644;6,5;14
180;9;42,48183103;49,43405003;60,70727779;63,72675399;59,93224454;52,95803112;49,79511568;36,99265756;-45,60349443;-37,22546786;-30,52000235;-25,66432828;-22,24658828;7;15
181;9;43,13139344;51,03874913;58,16356088;62,57917676;59,03858947;52,51880241;45,14558555;34,31342765;-47,38643799;-39,20710973;-32,43376346;-27,35547221;-23,65174983;7,5;16
182;9;44,30991137;50,83610156;56,5582971;58,22862895;56,23954236;50,45884759;41,45651146;32,03859338;-49,88521272;-41,68172342;-34,76046225;-29,94331253;-26,84469058;8;17
183;9;44,72809905;53,51538202;58,57759727;62,14825652;60,39801467;53,47935375;48,83684325;35,36083355;-46,17248118;-38,03216226;-31,48871383;-26,63221796;-23,0367591;8,5;18
184;9;44,76774742;50,64943348;61,86902161;64,07634758;61,507216;52,74002266;44,71274384;32,81658858;-43,947732;-35,90581263;-29,481145;-24,93393028;-21,90988373;9;19
185;9;42,58858829;49,11336449;59,230365;62,06005815;61,31515581;55,1324027;43,09209177;32,14516782;-46,22659905;-37,98999767;-31,58878278;-26,70217983;-23,24568268;9,5;20
186;10;17,56201806;26,78777595;26,52613146;18,948295;7,036549691;8,072266737;3,610612727;1,56661315;-90,3089987;-84,28839879;-74,74597369;-66,22659905;-53,0425415;0;1
187;10;25,71763078;42,1191112;45,99232534;47,34827193;43,35426125;39,14418391;27,35272042;14,04634272;-59,18294868;-50,57356401;-41,84408122;-35,48596672;-31,56867655;0,5;2
188;10;28,15822809;48,84000577;56,09299389;57,285404;54,03193143;48,59837058;42,18297646;27,27072805;-45,75126461;-37,49936996;-30,57356401;-25,67960689;-22,02290494;1;3
189;10;29,2922055;51,19427516;53,9857919;56,76206478;54,97241106;48,77089499;42,67569348;28,74212826;-45,2035486;-36,95993964;-30,37876526;-25,55812394;-22,31517829;1,5;4
190;10;27,60514191;48,38622008;54,36390147;55,56534908;54,39812339;53,08366485;47,55761158;29,7334158;-45,44823773;-37,34179848;-30,5556734;-25,77828969;-22,43398589;2;5
191;10;31,3991548;51,49272654;55,49374157;56,89816419;53,26618193;51,47258346;44,69039972;28,65361969;-45,49801373;-37,01615919;-30,3089987;-25,52300912;-22,09311678;2,5;6
192;10;31,76176783;48,69938458;57,2068098;60,43733572;58,86019857;54,13786465;45,92724637;31,71687946;-40,53798437;-32,57636593;-26,25923236;-21,72041341;-18,489934;3;7
193;10;34,01012253;51,47130613;56,73096265;58,47749028;59,65436053;55,67585275;48,68114129;33,01697215;-42,07660458;-34,03737893;-27,55558795;-22,63628133;-19,09652121;3,5;8
194;10;27,49176145;45,04322552;57,49409789;56,71605025;55,06504228;52,89984912;46,37390957;31,07716361;-44,33631294;-36,45206031;-29,77833341;-24,79816493;-21,36242648;4;9
195;10;26,58126031;39,47354845;52,41462307;56,83790144;54,59969585;49,35383688;40,10035257;28,96445292;-45,59842976;-37,80274968;-31,20486795;-26,41455062;-23,10811787;4,5;10
196;10;27,74199868;46,36012623;51,8738561;54,00702702;53,20861578;48,02535527;40,04066171;24,88679971;-48,23292428;-40,37040574;-33,73580077;-28,57468542;-24,6746993;5;11
197;10;28,24649624;44,20733314;56,08986304;61,71756051;55,73165554;54,62075835;44,74586973;28,94569363;-42,45858333;-34,57397026;-27,79937339;-22,78841506;-19,19018994;5,5;12
198;10;28,20818437;41,30865826;57,39859549;59,00493545;59,70261406;53,67440857;47,25333873;31,80407829;-41,84408122;-33,55722993;-27,15382098;-22,2089054;-18,89323799;6;13
199;10;31,33287429;44,10106039;59,08848693;57,2192959;58,31572071;52,84167679;44,58163517;29,71718909;-41,68172342;-33,64605646;-26,962652;-22,4585769;-19,49990643;6,5;14
200;10;30,16182776;43,36684603;52,21946786;54,65649326;55,65831948;51,37342943;47,95907607;28,94961124;-45,80281306;-37,84401289;-31,17602712;-26,30430462;-22,99175439;7;15
201;10;27,46336333;45,13120642;52,44409179;56,18174168;54,75323657;51,10727663;44,6755626;33,32778527;-46,33585696;-38,09579544;-31,27253799;-26,37994787;-22,92839426;7,5;16
202;10;26,68178279;44,08282687;50,11876349;57,81780816;58,27500144;49,94779112;43,40889688;28,65136398;-44,5529641;-36,53615707;-29,80288139;-24,58885626;-20,99242239;8;17
203;10;34,3008967;48,40970891;57,88455421;58,96393557;56,09047366;55,21361946;46,26101576;27,77909948;-44,11639535;-35,88928382;-29,15948122;-24,08239965;-20,24408327;8,5;18
204;10;32,20406531;41,35459976;53,2111308;58,00234891;54,28644188;52,85972545;46,17065691;37,39994743;-45,49801373;-37,53921356;-30,92068045;-25,57321671;-21,91979724;9;19
205;10;29,47478035;39,74781466;57,6712306;59,20294467;58,24388503;55,38489332;46,99440582;35,0552888;-41,64961288;-33,58251639;-27,31230476;-22,7011555;-19,46992921;9,5;20
206;11;47,85332528;63,59904316;66,07198444;64,24642854;55,07667635;45,49752232;38,88408445;32,92802915;-60,7665736;-52,5791842;-43,90607298;-28,07031317;-22,92097043;0;1
207;11;47,96303688;56,18856859;61,34741666;58,41229425;55,48330756;48,95700093;39,2911194;31,35456442;-61,06103874;-53,16234877;-45,90683694;-36,88554184;-29,2397466;0,5;2
208;11;45,97812327;49,06073664;62,18178209;59,90393383;60,15987966;54,85252121;47,00115165;39,90836387;-60,48176482;-52,46710665;-45,44823773;-37,7412201;-28,58892459;1;3
209;11;47,00007055;45,13470142;61,10555825;51,31739374;52,51809203;50,73277354;55,38138608;46,95853408;-56,86704154;-48,72537378;-41,90988373;-35,72570291;-30,72714069;1,5;4
210;11;44,17976477;50,31070539;59,20563973;55,28031251;57,37829882;52,4212797;50,76064453;53,76027706;-55,50174491;-47,81570009;-40,34278762;-34,36364788;-30,35253708;2;5
211;11;45,06919683;50,39574473;55,8665498;53,19649576;47,67068279;42,5751215;43,54300073;37,10426945;-61,06103874;-53,0425415;-44,96556413;-38,20289778;-33,99744373;2,5;6
212;11;40,19470299;41,02109462;37,67557418;36,53060274;33,93140079;33,32053377;27,40396391;21,79420834;-71,22414851;-62,70477386;-55,82348131;-51,22414851;-48,16479931;3;7
213;11;40,94730003;40,99651505;37,60459172;34,39673268;31,71907462;30,24719547;24,70421516;18,99022407;-70,3089987;-62,70477386;-55,82348131;-50,93933973;-47,76690273;3,5;8
214;11;49,75303138;55,46298797;56,00623308;52,57049888;56,17137091;44,18012256;39,69075965;27,55277489;-68,03013165;-59,67942036;-52,80777343;-46,39100565;-33,51943775;4;9
215;11;57,91817483;61,88608465;62,64655948;63,31277619;64,19027888;50,02397965;44,14166378;31,59001882;-47,96357279;-40,07133148;-33,4070379;-28,0770282;-24,02743886;4,5;10
216;11;55,88859825;59,54514753;59,887993;56,65652457;58,03868652;43,40166862;41,11029251;26,36043495;-53,4070379;-45,44823773;-38,53236419;-32,6017743;-28,33612418;5;11
217;11;50,61360833;54,28004752;53,963198;45,56540689;38,32623493;30,28440574;29,45617945;21,24218067;-67,38643799;-58,94496422;-51,72062018;-45,39874534;-38,26779887;5,5;12
218;11;39,94503119;42,01380193;36,29164668;32,11681271;29,61730975;29,62413701;25,27535611;18,2232388;-71,22414851;-62,70477386;-55,98893183;-51,41934526;-48,09720449;6;13
219;11;42,00327076;42,69422651;35,5347444;33,27942924;32,65079735;31,89783336;25,76227944;19,57798347;-69,481145;-62,00953174;-55,04043883;-49,88521272;-46,78717352;6,5;14
220;11;53,27896162;60,56243035;62,63122071;52,96969818;37,76457151;35,34620251;41,31165338;27,29965759;-60,20599913;-51,61902967;-43,8646128;-34,25352419;-27,97618001;7;15
221;11;53,89774759;59,8679208;59,57201782;61,06553636;46,69809251;46,30050429;42,71316849;31,24636567;-58,71332677;-50,39629481;-42,16119724;-32,71561459;-27,87058321;7,5;16
222;11;41,13271376;44,72558533;39,39370923;35,2787508;35,04054133;34,94539094;30,35440124;24,12186824;-68,03013165;-60,20599913;-53,53201688;-48,72537378;-45,59842976;8;17
223;11;50,0040426;55,99740334;57,62273602;58,16494594;49,84406782;42,79200875;38,50192192;30,02231299;-66,22659905;-58,05332156;-50,93933973;-41,87692016;-33,0890707;8,5;18
224;11;51,91187693;62,97436748;62,35716654;60,32919687;57,86869925;48,41180795;52,52281326;53,98682059;-52,15008839;-43,74140663;-36,41689472;-30,85568685;-26,34685872;9;19
225;11;50,1057825;56,45601265;67,71154767;73,44241837;65,58706953;51,72683659;50,72621241;40,39028318;-48,72537378;-39,88623703;-32,0592451;-22,99175439;-16,9059378;9,5;20
226;12;49,34822593;58,42158971;58,60741504;53,48280316;41,71264007;34,90866982;31,55491434;22,80269555;-65,70002027;-57,63962959;-50,48447719;-44,64297413;-39,37814543;0;1
227;12;60,58767772;69,95170529;70,63601555;65,20311247;56,58800916;51,16389927;41,96918363;31,1894309;-50,3089987;-42,63269138;-35,95558864;-30,91136582;-27,14174886;0,5;2
228;12;57,73974854;68,71357667;70,64880726;72,02619597;57,95734152;46,50083741;41,41821034;31,6699919;-53,53201688;-44,64297413;-36,92266109;-30,22257122;-25,43782103;1;3
229;12;50,64981454;69,72447007;70,36219422;71,12821664;60,35824125;50,92287448;44,69811336;31,85373121;-52,46710665;-43,947732;-35,92237296;-29,63248482;-25,91207098;1,5;4
230;12;53,02420002;63,6512781;64,23986613;60,23439395;48,99286306;40,06887339;38,66317141;28,73034993;-58,26779887;-49,88521272;-43,46054508;-38,13847803;-33,89183891;2;5
231;12;52,09620536;63,02262711;64,16292985;61,37730781;48,48912417;40,65632012;36,03671726;27,61056986;-57,43994517;-49,56046874;-42,999239;-37,57924077;-33,65882045;2,5;6
232;12;51,21277502;66,17815856;67,23156947;66,93109132;64,85578361;54,45714484;41,94122385;26,41794583;-59,42763781;-50,39629481;-43,07444198;-35,10054903;-28,83463169;3;7
233;12;54,13036711;64,12647551;66,69104921;65,78299405;56,12871461;43,74823481;38,23888674;28,57092173;-55,82348131;-47,96357279;-40,53798437;-34,9066928;-30,79117597;3,5;8
234;12;53,93856981;62,73583585;65,75072602;65,39821598;59,34423513;45,95358242;34,94638624;23,82236992;-55,82348131;-47,76690273;-40,8685171;-35,90581263;-31,24347197;4;9
235;12;58,00813564;66,034208;65,51775039;64,67241441;56,10664602;41,84522964;33,19120833;23,20847652;-56,5050771;-48,79805947;-41,94297287;-35,75817356;-30,79117597;4,5;10
236;12;58,47057277;67,44502;69,72796686;67,54629099;55,09192711;45,6803989;37,85453864;25,49028436;-54,74597369;-46,61517008;-39,42763781;-32,80777343;-28,16479931;5;11
237;12;49,84143176;61,89845299;61,17196203;59,15828986;45,15063356;34,42482866;32,8482077;21,76654913;-59,9387199;-51,82341298;-44,91873981;-39,62847658;-36,19001631;5,5;12
238;12;49,7684066;60,42264669;60,42583425;58,64258429;46,08717362;39,63116703;31,33774598;20,93606232;-59,9387199;-51,92743685;-45,49801373;-40,53798437;-37,12970185;6;13
239;12;50,51126853;66,06165244;66,88240056;64,56213081;54,13561183;41,29744937;35,30742484;27,46357659;-57,43994517;-48,72537378;-41,94297287;-36,55396517;-31,60893567;6,5;14
240;12;52,57822004;63,62065016;64,11411125;59,25268167;47,88206864;40,44839166;37,37015034;32,57701686;-59,9387199;-51,82341298;-45,25193808;-39,23133817;-34,43319101;7;15
241;12;58,57714631;62,82568241;65,49390096;64,16818525;48,2512059;36,30915429;35,09797311;24,36684719;-60,20599913;-52,24719896;-44,77976262;-37,84401289;-32,21468779;7,5;16
242;12;42,7144526;53,20972809;57,28440839;49,80759002;37,2707202;30,10673858;27,54427886;18,24179921;-71,22414851;-63,46054508;-56,5050771;-50,93933973;-45,39874534;8;17
243;12;55,17615979;63,84448529;63,28950956;57,88661891;44,4020765;34,37436513;28,88949676;20,27156133;-58,26779887;-50,75452659;-43,30403833;-37,57924077;-33,91811999;8,5;18
244;12;53,11828848;64,28311053;63,65324626;58,53713621;48,80859565;37,76923855;32,86921265;24,75704582;-57,05384207;-48,94528146;-42,52567701;-37,43994517;-33,65882045;9;19
245;12;58,3552928;65,64629841;66,73400097;65,92741873;52,22139742;42,275004;34,30731122;23,85476237;-58,05332156;-49,24742983;-40,62300191;-34,32218771;-29,95998411;9,5;20
246;13;9,766166014;8,515973453;16,67852589;12,76381054;5,299627338;-0,246819937;-5,835225926;-4,600628023;-84,28839879;-73,4070379;-64,73392668;-55,19150159;-48,37079844;0;1
247;13;22,28222614;26,70514398;32,08499594;26,20807769;16,43585215;10,96770166;3,251571059;-0,944173297;-57,43994517;-49,01983891;-41,84408122;-36,88554184;-32,97501879;0,5;2
248;13;31,20247974;35,08887277;38,40528645;36,50186374;29,48858997;24,74971132;15,01221657;4,44990141;-49,09504189;-41,00134167;-33,97092191;-28,96758158;-25,39874534;1;3
249;13;37,51381505;42,93404499;47,46918433;43,34924476;36,37172812;32,66306764;25,5706343;8,684043869;-40,01804365;-31,83375948;-25,53052214;-20,8480226;-17,27743019;1,5;4
250;13;36,80029126;48,68486003;51,79342489;47,33709061;39,60830948;33,57943724;24,61309782;8,883279188;-35,25267008;-27,18407489;-20,90078888;-16,52104544;-12,94010732;2;5
251;13;39,51127162;45,25881128;48,08776633;44,90837516;36,87097418;31,94118535;22,68072497;10,78127501;-36,90408164;-29,58440782;-23,6602295;-19,22648707;-16,09463832;2,5;6
252;13;42,40493595;44,55685901;47,14500135;44,73163619;36,89861503;31,73957372;25,34282394;12,97731654;-39,11326231;-31,20486795;-24,44616903;-19,50992187;-15,77119588;3;7
253;13;34,07845837;44,53778216;48,04517096;46,43902183;39,53051025;33,75183099;26,4086608;14,36764136;-37,96899188;-29,94123158;-23,48426623;-18,82837334;-15,64184294;3,5;8
254;13;33,41628725;42,35464952;47,75911042;48,93272867;41,25781499;34,49077316;25,80287818;9,316372683;-37,55920411;-29,30140357;-22,64885805;-18,13847803;-15,19912413;4;9
255;13;30,19189054;45,51474262;52,06520665;50,39943952;42,20764141;36,91225948;31,1263455;20,05030648;-34,86256456;-26,41316354;-20,10614471;-15,58624989;-12,74660901;4,5;10
256;13;38,91556299;49,67542588;54,16479157;50,54589723;44,25989878;37,24867505;28,16843664;14,5494931;-32,98325192;-24,53507349;-18,15989823;-13,73741182;-10,63493996;5;11
257;13;47,21215668;49,58847686;55,68750236;52,13739791;45,95262173;37,96140045;30,23704681;16,98308391;-32,02213556;-23,7373297;-17,2950791;-12,35975594;-8,97726277;5,5;12
258;13;42,38533865;47,87865877;53,0822208;49,7314123;45,05572982;38,27234533;29,0995698;14,12118455;-33,43189025;-25,66432828;-19,18294868;-14,24156371;-11,28224832;6;13
259;13;38,16070555;47,54769419;51,95434892;48,92361031;41,94987843;35,60583569;26,67635565;16,2563703;-34,84790483;-26,92727155;-20,6458145;-15,81529093;-12,91251733;6,5;14
260;13;37,50593398;46,18071208;52,14361934;48,10840537;41,73283425;33,46159323;21,64734268;6,575987577;-34,8347333;-26,92138879;-20,74633014;-16,04759218;-12,91146243;7;15
261;13;32,7900783;45,86243533;51,25029944;49,23273875;44,78220339;38,65762744;27,55234269;11,15258883;-35,13076085;-26,98039642;-20,29878049;-15,84316977;-12,83712371;7,5;16
262;13;38,80944362;48,8817975;52,29253495;50,24554108;45,88750563;40,93287291;30,41969471;13,4849289;-33,76161324;-25,70896652;-19,1204427;-14,42481637;-11,2212537;8;17
263;13;34,71069531;49,84282415;52,44655455;50,45984939;44,98277732;39,14948065;31,63123614;16,29673238;-32,68130556;-24,6474992;-18,52788808;-14,35118904;-11,58606598;8,5;18
264;13;36,31608241;45,19585981;48,96240831;48,8839225;43,02174775;36,37847568;25,36958148;12,44321928;-36,26038797;-28,33612418;-21,74630282;-17,35058789;-14,36364788;9;19
265;13;34,25514656;46,15172509;50,49362916;48,96886782;40,4479665;36,35279572;29,12362227;9,150226098;-35,66273349;-27,79937339;-21,41249471;-16,95620458;-13,61410125;9,5;20
266;14;17,71919808;28,58449301;27,74086115;22,69677926;11,89206106;9,196888475;6,135250412;6,427417721;-90,3089987;-80,7665736;-71,22414851;-59,42763781;-52,03272165;0;1
267;14;34,12295965;46,71655641;45,85028832;41,30975795;35,14858343;36,21181818;29,46718687;16,48711981;-58,94496422;-50,48447719;-43,82334959;-38,37705679;-33,296074;0,5;2
268;14;43,50580917;56,29406015;57,14058571;54,33094282;46,36392701;46,68558108;38,16816439;23,94599101;-46,55858428;-38,73049257;-32,02213556;-26,82780254;-22,36062785;1;3
269;14;50,11180352;60,46693994;58,95105319;54,94351102;49,1802889;47,11495067;38,80052351;25,72964725;-43,0367591;-34,65954622;-27,74747845;-22,85167895;-19,73580579;1,5;4
270;14;45,50564616;56,64658516;53,9618251;48,27419068;45,52487199;45,14364932;34,96687009;22,01591619;-46,7929835;-38,85156666;-31,86487315;-27,15986334;-24,08664185;2;5
271;14;47,60691022;60,46897609;58,57060475;52,62860104;45,38801108;43,57576439;38,16878243;27,45365847;-43,6602295;-35,26802974;-28,6103272;-23,90191804;-20,22230046;2,5;6
272;14;41,83538007;53,89933;51,80506794;44,11671083;36,30423909;32,75596697;30,32836741;19,92639151;-50,66357404;-42,52567701;-35,59702071;-30,22257122;-27,0457712;3;7
273;14;40,95904325;54,7558449;53,5019022;47,01504222;43,49543181;43,99445126;39,92100715;27,52962133;-50,13699526;-42,28098788;-35,08549548;-29,38690295;-25,42791186;3,5;8
274;14;44,30807002;57,67851301;56,2612523;46,35872308;44,11438668;46,03188406;40,34529945;30,24072938;-44,96556413;-37,30284824;-30,91136582;-26,28652076;-22,89133836;4;9
275;14;45,42990261;58,93632727;55,06783475;47,65726951;42,91054631;45,00278177;40,65792884;30,20505032;-44,96556413;-37,01615919;-30,67262656;-25,92779205;-22,70839374;4,5;10
276;14;51,03657056;63,87064698;59,42262804;52,84689572;46,15682589;42,51496462;38,84311874;29,4139932;-39,1108662;-31,53360656;-25,0599769;-20,63725276;-18,21583926;5;11
277;14;52,13095551;64,83576588;63,54964246;58,40362917;52,99554844;51,56953397;45,61735022;35,45780731;-39,50742996;-30,49334486;-23,42508438;-18,45048171;-15,59702071;5,5;12
278;14;47,80747564;60,31784097;57,25069186;51,32001911;43,35646694;44,07240742;36,02981809;25,08958958;-44,50830647;-36,19172445;-29,45748845;-24,6746993;-21,05804412;6;13
279;14;47,3773304;56,48314081;53,50695554;49,01654858;43,02183436;44,06722034;36,59920946;24,34093393;-48,44759814;-39,88623703;-33,12623275;-27,23879891;-23,77409111;6,5;14
280;14;48,04035393;56,62657911;49,0269415;43,18959358;41,04199102;40,33693974;41,91074392;29,02147714;-48,09720449;-39,96508074;-33,56986396;-28,94528146;-25,25193808;7;15
281;14;45,94892245;55,31178319;49,50610754;43,69003839;37,30584836;38,54758193;36,22371116;30,2583977;-50,57356401;-41,90988373;-34,53149638;-29,58440782;-26,4520764;7,5;16
282;14;46,89214379;58,06110965;53,80063771;47,11610916;42,73837621;38,51011039;32,21488078;20,47095953;-47,20227795;-39,20710973;-32,6017743;-27,87780182;-23,98539672;8;17
283;14;43,78923862;55,26108355;48,93065417;44,67996205;37,42397605;40,25083789;35,32560479;24,61506518;-49,32463825;-41,45940332;-34,89195847;-30,04382539;-26,79876243;8,5;18
284;14;45,99015449;57,52837503;57,18785187;47,96234072;41,91146329;42,64150921;37,05539847;27,82491214;-46,01212174;-37,63962959;-31,19524369;-26,62084899;-23,165172;9;19
285;14;47,28782207;59,04912086;56,42959327;49,87261851;44,58874254;43,73502203;38,26029962;24,74230623;-45,2035486;-37,03498019;-30,13699526;-25,47806909;-22,37768946;9,5;20
286;15;56,5056042;65,76455003;67,43446891;71,38850575;66,66676327;59,5383858;53,31526399;41,90234016;-59,67942036;-51,72062018;-45,10757094;-40,31525705;-36,84858056;0;1
287;15;58,22732245;68,5567752;70,20610698;74,44162535;67,74206741;59,29903889;51,69486606;39,94015264;-57,05384207;-48,87135855;-42,35019853;-37,22546786;-34,06410476;0,5;2
288;15;55,9777377;67,10164047;70,36042236;72,78235971;67,72819255;58,30997971;49,98321639;37,57942339;-58,48770656;-50,3089987;-43,42115323;-38,48770656;-35,08548244;1;3
289;15;56,0791141;66,55012449;71,75935074;72,65396163;68,8515015;59,21296052;53,05220619;39,73050075;-57,84401289;-49,64052359;-42,85075864;-37,88547306;-34,47518572;1,5;4
290;15;56,6849683;64,49048917;67,06627262;70,47087045;67,5582407;60,79156733;50,4961638;38,02578078;-60,20599913;-52,13929832;-45,1554272;-40,50982911;-37,1106747;2;5
291;15;56,00442766;64,87505383;66,74943807;70,35439001;63,9585443;55,61147631;48,54787272;37,35558972;-61,06103874;-53,0425415;-46,22659905;-41,27326999;-37,78014037;2,5;6
292;15;56,72236687;62,77290549;66,52924502;71,56761377;69,38336116;58,60834052;47,02977619;36,48954529;-58,94496422;-51,12817085;-44,33193717;-39,78221315;-36,39936517;3;7
293;15;57,46768459;66,00229907;69,27590781;70,93218056;69,01899054;60,09207859;51,97639465;37,75619107;-58,71332677;-50,66357404;-44,07392148;-39,15885466;-35,87278639;3,5;8
294;15;57,31422119;65,9692621;68,46167549;71,79334656;65,94641849;58,15963701;49,09246117;36,3863223;-59,67942036;-51,51861365;-44,73392668;-39,80810256;-36,24317114;4;9
295;15;57,05119273;64,46158887;71,09297932;73,40602619;74,19234073;66,55694868;56,4629475;40,77397186;-55,34523816;-47,14174886;-40,56623119;-35,80710828;-32,5791842;4,5;10
296;15;58,1885569;68,47284284;71,35294491;74,0395565;71,11507614;63,88092003;56,34395191;40,15218628;-55,50174491;-47,51141697;-40,97164629;-36,52282152;-33,25817975;5;11
297;15;57,66699039;64,37081808;69,37879956;71,33111643;68,91200585;61,13224949;53,99078017;38,27720971;-57,63962959;-49,56046874;-43,42115323;-39,03937699;-35,75817356;5,5;12
298;15;56,50106329;63,1132515;66,75832559;69,74849767;66,56312274;56,73577108;48,4442856;36,01845321;-60,20599913;-52,46710665;-46,06524661;-41,12114894;-37,86471824;6;13
299;15;57,27691603;62,77311108;66,15891473;68,54292436;67,83478883;58,23335958;48,79227259;37,24816967;-60,20599913;-52,35645687;-45,85466928;-41,06103874;-37,80274968;6,5;14
300;15;57,81635525;65,89878571;68,69536256;71,67129399;68,77479452;60,75993923;53,92820282;39,93648684;-58,48770656;-50,48447719;-43,82334959;-38,92152051;-35,80547406;7;15
301;15;57,83201757;65,6440432;67,59392525;72,82884776;72,48471161;60,59664463;53,45409759;39,69414388;-57,63962959;-49,56046874;-42,999239;-37,68012332;-33,89183891;7,5;16
302;15;58,03008822;65,93942437;71,70777634;74,13196991;69,54168581;60,06013544;51,83442637;38,43488443;-55,82348131;-47,83196588;-41,42810278;-37,07274499;-33,87872813;8;17
303;15;57,34339169;63,73290331;67,16763328;72,78009543;69,33716467;61,12804205;52,01404524;37,9051386;-57,84401289;-49,72132315;-43,34290144;-38,69049919;-35,31427239;8,5;18
304;15;57,5734185;65,11651824;68,92047067;72,47222352;68,70631629;62,011329;52,40184919;44,01387219;-58,05332156;-49,64052359;-43,0367591;-38,37705679;-35,28341662;9;19
305;15;57,34626461;64,46765151;66,29444045;69,32115825;64,865499;57,02193869;55,05339551;42,47158279;-61,68172342;-52,9243643;-46,06524661;-41,55398744;-38,30915761;9,5;20
306;16;38,98463618;55,57096974;61,67096391;60,29599296;53,65295207;45,73680869;31,98199309;19,55103237;-49,01983891;-40,37040574;-33,99744373;-29,62445348;-26,55858428;0;1
307;16;36,9241178;55,18063704;62,56569392;61,33501516;56,3608735;44,4226658;32,9166874;19,21754787;-48,03013165;-40,0446467;-33,45681391;-28,76891216;-25,36918471;0,5;2
308;16;35,63601569;56,20345201;63,04611964;59,40762684;53,53890938;43,39071305;31,87420422;21,7213339;-47,51141697;-40,11154419;-33,78750265;-29,29367247;-26,17140286;1;3
309;16;36,35549071;58,23871463;61,92471468;57,55904817;51,57848959;45,192553;32,12914154;18,06454793;-50,3089987;-41,81136597;-35,11565494;-30,46676894;-27,02194158;1,5;4
310;16;38,26486714;56,42322563;61,98227295;62,1386636;55,983399;51,63564238;41,17794163;26,46396512;-48,16479931;-40,15188127;-33,33290468;-28,2878116;-25,17464378;2;5
311;16;39,16773118;56,75589782;66,48289349;62,42575839;56,53368021;48,0707058;36,91260917;25,57809736;-45,02213511;-37,3613393;-30,71803121;-26,20491142;-23,36630304;2,5;6
312;16;39,2596919;55,83125643;64,07977859;60,38251386;58,51733351;52,18026892;37,55178298;24,09455546;-46,55858428;-38,57725261;-32,24719896;-27,61271129;-24,63393103;3;7
313;16;46,71657593;57,44120288;63,23164536;60,6270737;57,31544321;50,85699294;37,68159594;23,47440468;-48,16479931;-39,83406936;-33,0425415;-28,1512382;-24,98436477;3,5;8
314;16;47,16337399;55,25170743;60,90062714;60,1084241;54,33372725;47,42156132;34,23849817;20,59423082;-49,32463825;-41,06103874;-34,87726152;-30,15404314;-27,11765483;4;9
315;16;48,69229583;55,13331228;61,34691169;59,44805118;55,16280205;50,0830293;42,21479784;28,73826834;-50,48447719;-41,61762062;-34,86256456;-30,13699526;-26,82198675;4,5;10
316;16;46,66432501;57,21134753;61,61745308;60,70582557;62,78105573;52,60923327;39,98398499;24,53579222;-47,51141697;-39,37814543;-32,62442331;-27,63822053;-24,25285983;5;11
317;16;51,11219922;56,34311127;60,17386824;57,77747691;49,99163735;40,38129502;30,63507791;21,66683829;-50,3089987;-42,28098788;-35,85632025;-31,14728173;-28,02879639;5,5;12
318;16;51,37546381;56,76774928;61,03950817;57,81080256;54,60200043;45,61064931;31,68105602;19,84905546;-49,32463825;-41,61762062;-34,95104638;-30,00180359;-27,02194158;6;13
319;16;48,66579553;56,77658111;61,29658911;58,23310791;52,93983063;45,42888868;32,42004876;17,7494097;-49,64052359;-41,49081706;-34,71706887;-30,1882396;-26,99817716;6,5;14
320;16;41,74498867;55,38293573;60,54518707;59,23028973;52,44584316;43,70290862;31,98247596;24,05709791;-49,80288139;-41,68172342;-35,19150159;-30,71803121;-27,63694413;7;15
321;16;42,09946377;56,9029948;63,06449499;60,40320225;52,93068542;42,8797664;33,70798765;20,56085526;-49,01983891;-40,7665736;-34,13128135;-29,21673761;-25,83388963;7,5;16
322;16;41,4347522;56,57451685;61,88868717;60,3657492;52,97292805;42,96402759;31,78782748;17,57591488;-49,01983891;-41,12114894;-34,57397026;-29,73757365;-26,28105621;8;17
323;16;41,45342517;59,24906099;62,15680084;60,96952381;57,08045678;47,33047455;34,30358651;22,74837381;-46,44650673;-38,62237421;-32,51176427;-28,01677901;-25,13625304;8,5;18
324;16;40,72168455;59,99192547;62,23764082;61,31165891;52,97013901;43,83634883;32,47164851;19,84027713;-47,51141697;-39,73066469;-33,33290468;-28,45458581;-25,0599769;9;19
325;16;41,55513714;61,93446276;63,34257966;59,40718247;52,04714468;44,06697075;31,08694862;18,34912815;-47,14174886;-38,8052418;-32,46710665;-27,92388091;-25,06947487;9,5;20
326;17;13,37361554;25,40657953;33,22046443;41,49123037;37,58834777;34,47083141;24,5272123;3,511128912;-84,28839879;-74,74597369;-65,70002027;-58,05332156;-30,35253708;0;1
327;17;21,24721193;35,33386518;42,35905895;48,75517027;52,59717992;52,99803944;34,92540428;14,77349664;-40,34278762;-32,19308109;-25,67960689;-20,62585021;-16,38536696;0,5;2
328;17;22,21957103;36,91304434;44,14944053;49,48715406;50,70702174;47,82176557;33,41828195;16,51083772;-41,77877347;-33,55722993;-26,95674524;-21,98034958;-18,12693342;1;3
329;17;22,01194822;36,13578606;46,25964385;53,40810264;51,89271374;48,65818211;33,98467027;12,42059023;-39,23133817;-30,90206117;-24,0760405;-19,42515648;-16,17413126;1,5;4
330;17;27,03179747;34,10341166;45,57958999;53,28171227;53,96913508;51,25482224;35,17829166;12,92225237;-38,35509498;-29,92459592;-23,07066633;-18,39907426;-15,11866351;2;5
331;17;26,47648668;36,85064386;43,56420826;53,04251181;53,400571;48,37489511;32,81332992;14,3899431;-38,58402967;-30,61845243;-23,96863668;-19,04471838;-15,81316283;2,5;6
332;17;24,24566977;34,02074138;42,82558094;53,78652939;53,51794997;49,8898105;35,06332776;15,74984373;-38,11711051;-29,99552463;-23,39760358;-18,82374211;-15,80547267;3;7
333;17;24,68555974;38,84079251;44,75063114;49,12834232;51,13927437;48,0983231;34,15167009;16,30765594;-41,94629444;-33,74869741;-26,98039642;-22,12048133;-18,52565089;3,5;8
334;17;23,12799637;33,77881265;41,45592744;49,36824677;48,43603286;44,60289407;30,88064376;11,49349733;-42,85075864;-34,77497502;-28,09047385;-23,28080366;-19,96508074;4;9
335;17;21,32741493;32,90574331;40,57491726;46,8998089;45,5054693;43,48158783;29,67212177;12,40857622;-45,39874534;-37,20623;-30,62745802;-25,83388963;-22,39897621;4,5;10
336;17;22,58470945;32,50269587;39,20011796;46,19136679;47,87860123;46,54365307;35,80585962;19,31206307;-44,46387727;-36,277639;-29,67679134;-24,57537931;-21,11210585;5;11
337;17;19,51619584;35,45479805;41,01470511;47,34389893;42,8209082;44,57844643;31,89120958;11,34022327;-46,22659905;-38,11711051;-31,56867655;-26,51919243;-22,77016356;5,5;12
338;17;26,818168;36,01996181;43,31976623;51,79782855;47,88797842;50,5306295;36,66973779;17,3521059;-40,70885984;-32,70416318;-26,16169795;-21,45078453;-18,0658298;6;13
339;17;26,49937158;37,34959518;43,00525402;53,41135435;52,50690961;51,14802099;37,91423676;20,54429726;-38,25263385;-30,22257122;-23,67640435;-18,84460216;-15,65951515;6,5;14
340;17;23,66837826;37,59025786;48,45624051;53,89700829;52,19085873;50,07125394;37,83504031;17,71584983;-38,31133726;-30,08605148;-23,73122005;-18,67284904;-15,25098218;7;15
341;17;24,81980974;38,12766451;46,56614669;54,08915606;50,94691935;50,55160964;40,46004604;20,22005193;-38,66773144;-30,44909673;-23,98959179;-19,0346319;-15,80040426;7,5;16
342;17;25,64295799;37,93964758;44,87959542;50,55164747;49,90160643;49,99009636;39,59623338;19,80487396;-40,56623119;-32,36745864;-25,94354163;-20,94279081;-17,66998217;8;17
343;17;21,06403599;35,73886295;44,45815507;52,54102737;50,08841262;51,51697148;40,01904023;18,37140789;-39,88623703;-31,62913542;-24,87216657;-19,91243882;-16,35918096;8,5;18
344;17;24,83150899;36,34728542;45,05412619;54,45092145;54,79119459;50,90842181;36,6042385;18,30151398;-37,68012332;-29,37129488;-22,66505449;-17,99210104;-14,57538964;9;19
345;17;26,79824692;37,79044511;44,7978292;52,49171004;50,7067534;51,93304537;38,83463782;17,66138978;-38,7821717;-30,61845243;-23,88531815;-19,33875357;-16,15929846;9,5;20
346;18;68,69805089;71,55304606;78,16132078;78,47348285;77,32303109;70,84719103;60,78148412;58,63576001;-78,14232344;-69,46496667;-61,55819866;-55,35145065;-51,02391662;0;1
347;18;70,13740048;74,63081569;79,04555542;84,35252758;76,2766084;67,77398086;62,21864175;56,36869917;-74,06640536;-65,53200943;-58,25508471;-52,86564554;-49,02531027;0,5;2
348;18;71,86270502;72,43210531;78,65806127;78,12842263;72,15742904;66,63390534;63,55364445;60,0720848;-73,62346649;-65,52369364;-58,73522981;-53,9369043;-51,03095592;1;3
349;18;72,38792008;74,32626353;78,5492892;79,37491622;74,49268575;66,49546418;63,11321833;62,34325366;-72,65975314;-64,52528772;-58,03596068;-53,09183205;-49,54122218;1,5;4
350;18;69,86872473;74,34610071;77,33540182;76,18474595;70,46418255;62,7906721;58,86283198;58,83990515;-74,54529988;-66,68150719;-59,91510443;-55,17128662;-51,95577108;2;5
351;18;88,70216106;82,33535629;86,01049675;81,99264514;76,01260677;74,42982367;72,82701585;68,86531155;-63,88256539;-55,55558139;-48,25593044;-43,05223199;-39,65306552;2,5;6
352;18;72,62287074;74,34961034;78,23737994;73,85525568;67,92880605;64,24602377;60,07303648;62,80526933;-74,21407431;-65,73151179;-58,75673953;-54,1553655;-51,10467589;3;7
353;18;66,38228147;73,58474583;79,97942346;77,76050855;71,05954304;65,219863;60,72707381;61,83797011;-74,91153296;-66,9055986;-60,22882534;-55,36237115;-52,09580203;3,5;8
354;18;69,05351628;74,07638786;79,06245084;80,64176436;78,43168653;68,13059073;62,08848411;60,01093463;-73,7581806;-65,31882141;-58,83154066;-53,71902854;-49,88421106;4;9
355;18;67,28762651;76,30343563;79,67180473;79,6063214;79,48310097;71,96967177;64,23705741;58,84133555;-72,79060002;-64,36507707;-57,67283321;-52,94961867;-49,73296837;4,5;10
356;18;68,33313118;75,88438702;81,40122244;80,49411151;76,53030156;72,82372609;64,46796152;57,4588985;-72,31147778;-64,09380525;-57,43146699;-52,97921366;-49,57779305;5;11
357;18;66,82091388;75,71172373;79,6983677;75,75422324;75,25715934;69,83032004;64,12049814;58,37250729;-73,63341083;-65,88356732;-59,66048056;-54,58045917;-50,94831921;5,5;12
358;18;65,84762273;75,00083163;79,68723138;79,7582177;73,80328811;68,43799017;61,20523813;58,4174718;-73,43616891;-64,95410914;-58,56065545;-53,75843296;-50,79889059;6;13
359;18;68,3954786;73,65209851;79,96742466;75,85128344;72,37154578;66,46091322;60,62084723;55,51954058;-74,611863;-66,37146974;-59,51092025;-54,9434359;-52,14432633;6,5;14
360;18;66,33579685;71,15028584;76,32667315;76,88105863;73,51927359;63,39714802;60,32685315;59,589834;-75,72038726;-67,99042101;-61,707523;-57,11305081;-53,64247005;7;15
361;18;66,44201893;78,03356205;82,96870483;88,28756697;79,7914599;69,23752248;65,72200897;58,49187796;-68,76874204;-60,81420515;-53,97330142;-48,87200553;-45,33802039;7,5;16
362;18;68,75163847;81,90968606;84,53349884;89,10047018;83,6367687;75,32696159;67,70587008;58,94744029;-66,07566069;-57,89952695;-51,28999403;-46,72609009;-43,52650974;8;17
363;18;78,70702;79,81447553;84,07951194;81,0438963;77,82013249;72,23659303;65,2593884;58,12404997;-69,50307249;-61,15366638;-54,36348555;-49,65231258;-46,23623187;8,5;18
364;18;69,11228583;76,99685504;81,59134565;82,13515681;78,17220113;69,27592867;64,13271585;56,81532705;-70,61985894;-63,00940913;-56,41038549;-51,5054614;-48,19280956;9;19
365;18;68,46557599;76,22120499;79,92491561;82,38330639;75,15589913;71,8379683;66,43000609;61,72168192;-72,8490389;-64,62038402;-57,73762834;-52,29738934;-48,51768498;9,5;20
366;19;22,17676309;16,85063145;26,69461755;26,27209446;17,07297641;7,388401859;2,222257597;3,849176468;-80,7665736;-70,3089987;-59,42763781;-52,24719896;-48,3015878;0;1
367;19;27,99583771;29,01006727;32,93994263;32,91953818;26,0841365;15,70105688;8,130373933;7,198474591;-63,8646128;-56,5050771;-50,05225421;-45,49801373;-41,87692016;0,5;2
368;19;35,13956669;33,51289248;40,19237152;42,09670142;35,21333061;28,70517063;11,60026761;8,376041152;-57,63962959;-49,40253912;-42,59687323;-37,20623;-33,58251639;1;3
369;19;38,9166478;38,01587553;44,40647437;44,15080001;38,575373;32,81074674;16,45257486;11,39377651;-54,18539922;-45,54807664;-38,96847138;-33,68440482;-30,38752561;1,5;4
370;19;39,86538205;40,84484994;48,06048488;44,73017265;40,15915529;30,7194239;18,76818654;12,73024843;-51,32119857;-43,15030176;-36,32959861;-31,77186452;-28,48973717;2;5
371;19;41,08921683;44,96937801;53,05463544;49,49932565;41,52870472;33,24632059;21,011364;18,19048575;-46,67212694;-38,66773144;-32,41160556;-27,74747845;-24,30578796;2,5;6
372;19;43,0260767;48,73674904;54,71286685;52,26456057;44,28510401;38,60655972;25,07847671;19,33789097;-44,82584171;-36,71590268;-29,91006507;-25,08850202;-21,82607397;3;7
373;19;42,22945773;47,44262841;55,48192329;58,19188838;52,75338854;46,67768699;34,84656584;28,4561838;-40,82467342;-32,6017743;-25,81833745;-21,13322106;-18,16633461;3,5;8
374;19;41,23426493;49,90636041;56,35162369;55,95151281;49,67403287;41,41721085;30,61823482;23,26618542;-42,35019853;-34,03737893;-27,25711714;-22,57456289;-19,34588014;4;9
375;19;44,20078513;50,97110343;57,32523754;56,1275978;49,06634059;43,59194459;33,19056123;23,25889242;-41,45940332;-33,07831048;-26,72658458;-22,20292557;-18,70418853;4,5;10
376;19;42,04719981;48,45375929;58,31896807;53,27810914;48,37125334;39,86472971;27,58956712;20,22549676;-42,35019853;-34,22621005;-27,69589172;-22,9768069;-19,4472653;5;11
377;19;43,49286106;46,97160489;55,63564226;55,59032306;48,1127642;38,71246099;28,15142816;19,08027578;-43,70072323;-35,32974147;-28,69286336;-23,83158657;-19,96455288;5,5;12
378;19;43,74625792;45,67623747;59,65835263;55,27161457;49,84650847;41,13293781;30,92254595;24,50862295;-40,82467342;-32,73856279;-26,25923236;-21,50026338;-18,2396155;6;13
379;19;44,57121243;47,73582525;55,7601825;56,32011199;51,72772809;44,97531237;34,83774318;25,82893973;-40,82467342;-32,91263454;-26,49676274;-22,05978775;-19,00503439;6,5;14
380;19;44,09958407;45,83176607;53,38847285;54,51380164;50,62259791;40,02928144;29,61120336;25,89559633;-43,42115323;-35,4388034;-28,98993909;-24,24939996;-21,05205798;7;15
381;19;45,00294759;45,32538133;54,42960304;54,36698173;48,34018534;37,2586079;26,27356272;26,16278931;-43,70072323;-35,4388034;-29,04608677;-24,49495383;-21,17257174;7,5;16
382;19;45,53866832;49,43601127;59,15739149;56,79890601;49,89961096;41,94465494;32,46739884;23,20537743;-40,27422186;-32,42267745;-25,56818287;-20,94796287;-17,87301422;8;17
383;19;44,17039607;49,97293338;58,84267528;63,47408247;50,06254156;42,57275235;33,72500307;26,47914541;-36,61209147;-28,79076347;-22,41646341;-17,49142313;-14,40948382;8,5;18
384;19;45,24102308;46,99036964;58,5960945;57,71446579;50,97924288;41,45716342;31,78653665;27,56227149;-41,2426319;-33,32061042;-26,44650673;-21,34724537;-17,958508;9;19
385;19;44,99220075;48,47632987;58,72299911;56,53953662;51,43707113;40,30364011;31,11955999;27,33865617;-40,2604563;-32,53417949;-26,24290719;-21,23346151;-18,03427587;9,5;20
386;20;4,637689684;22,80042185;26,18325336;32,16957068;28,70162646;25,13188718;10,69655119;-2,014716784;#NAME?;-90,3089987;-84,28839879;-78,26779887;-70,3089987;0;1
387;20;16,52288137;41,66268522;48,35949318;61,41630708;52,60376661;47,48584926;31,01524411;11,27751548;-50,3089987;-42,00953174;-33,25939883;-25,91861826;-19,0917448;0,5;2
388;20;33,82652714;44,44051513;52,35007613;63,85653153;54,07579686;50,96697378;34,65502311;23,01110089;-39,91243882;-31,6696764;-25,19872444;-20,58038912;-16,87628677;1;3
389;20;20,66634468;43,10334848;49,19609518;56,72547074;63,97311498;58,15641368;37,54247772;15,5128576;-41,94297287;-33,56986396;-26,44372369;-19,99417037;-15,2434673;1,5;4
390;20;24,14920275;39,49313836;47,38667623;54,72459968;50,82073955;46,40650018;27,38381882;12,79300869;-52,46710665;-44,33193717;-37,20623;-30,39629481;-24,43732843;2;5
391;20;16,02586205;41,97252236;45,36902031;51,69874849;56,67536896;49,21915567;34,20535186;12,31281219;-51,41934526;-43,07444198;-35,80710828;-28,71994736;-22,42697266;2,5;6
392;20;18,35176797;40,60667673;50,11718509;57,1391082;51,79233807;47,73682552;36,87173315;17,26571158;-47,20227795;-38,5547794;-32,34546903;-27,22051924;-22,67514793;3;7
393;20;15,24126005;28,0336326;36,78670844;41,05358895;40,40410723;35,66918933;24,02975014;9,545310824;-63,8646128;-55,34523816;-47,83196588;-41,36583807;-36,36441184;3,5;8
394;20;12,46776793;34,10948683;43,45021048;50,33536857;39,21171421;42,6862255;30,35975821;9,43085759;-59,42763781;-51,22414851;-43,5001164;-36,277639;-29,73757365;4;9
395;20;13,60673793;31,15945777;43,19107133;48,46779507;36,36958377;36,59779166;31,86276698;13,26346671;-56,68417395;-48,37079844;-41,09104184;-35,53338753;-31,5086356;4,5;10
396;20;14,41276414;33,54329338;44,07851082;52,46043127;41,40460887;40,33794288;28,51726897;11,19353659;-58,48770656;-50,22257122;-42,85075864;-36,32959861;-30,19680979;5;11
397;20;15,45181492;32,37062655;38,76923911;47,96316781;47,82502501;42,62345942;31,86215389;15,64980292;-54,32218771;-46,01212174;-38,48770656;-32,72995153;-28,51796104;5,5;12
398;20;13,117115;32,01352373;44,39045099;48,58199711;44,7470822;45,95355796;37,46160161;15,84555625;-56,68417395;-48,23292428;-41,36583807;-34,64522488;-29,42604628;6;13
399;20;16,08560879;35,03958639;41,94107483;54,87530666;56,28790937;54,88294845;41,20841286;18,93867618;-47,20227795;-38,57725261;-30,89276648;-24,27104436;-19,82367332;6,5;14
400;20;24,51807893;43,51227755;51,22457375;61,48556216;57,02936816;53,45401556;37,42148055;19,07557241;-45,1554272;-36,64805793;-28,84930381;-21,8555612;-17,20219548;7;15
401;20;26,97559298;43,36472498;60,00092609;60,61193886;53,12180609;52,24897237;37,04864616;20,07102545;-44,24507755;-35,80710828;-27,82543759;-21,06103874;-16,82463979;7,5;16
402;20;19,76929616;43,08488695;58,70546347;59,7134502;52,04979676;50,04586614;38,59189485;16,25242032;-41,64961288;-33,44434314;-26,66070565;-21,8449008;-18,67205275;8;17
403;20;25,66254038;43,16041635;54,57128801;54,39842566;48,46798932;46,30836895;34,91172358;17,33009913;-46,06524661;-38,44327736;-31,79244721;-26,97447759;-23,43688854;8,5;18
404;20;19,03370641;38,62567948;47,47070283;59,18020214;53,0531705;50,6102012;37,70275377;17,15498462;-46,17248118;-37,80274968;-30,89276648;-25,36918471;-21,16044484;9;19
405;20;22,87428851;39,74086108;47,40973845;55,16308809;55,57247056;50,14419543;34,540444;13,49476421;-45,1554272;-37,20623;-30,5022216;-25,57321671;-21,82443729;9,5;20
